2026/08/12 15:41:19.439, 195.92 W, 2092 MHz, 41
2026/08/12 15:41:19.942, 139.42 W, 2092 MHz, 39
2026/08/12 15:41:20.442, 79.67 W, 2092 MHz, 39
2026/08/12 15:41:20.942, 76.98 W, 2092 MHz, 39
2026/08/12 15:41:21.442, 76.70 W, 2092 MHz, 38
2026/08/12 15:41:21.943, 76.48 W, 2092 MHz, 38
2026/08/12 15:41:22.443, 76.53 W, 2092 MHz, 38
2026/08/12 15:41:22.943, 76.74 W, 2092 MHz, 38
2026/08/12 15:41:23.443, 76.67 W, 2092 MHz, 38
2026/08/12 15:41:23.943, 76.63 W, 2092 MHz, 38
2026/08/12 15:41:24.443, 152.52 W, 2085 MHz, 40
2026/08/12 15:41:24.944, 247.29 W, 2085 MHz, 41
2026/08/12 15:41:25.444, 329.38 W, 2085 MHz, 49
2026/08/12 15:41:25.944, 409.93 W, 2085 MHz, 50
2026/08/12 15:41:26.444, 443.28 W, 2085 MHz, 50
2026/08/12 15:41:26.944, 443.69 W, 2085 MHz, 51
2026/08/12 15:41:27.444, 443.99 W, 2085 MHz, 51
2026/08/12 15:41:27.945, 429.60 W, 2085 MHz, 51
2026/08/12 15:41:28.445, 428.46 W, 2085 MHz, 51
2026/08/12 15:41:28.945, 444.89 W, 2085 MHz, 52
2026/08/12 15:41:29.445, 445.28 W, 2085 MHz, 52
2026/08/12 15:41:29.945, 445.55 W, 2085 MHz, 52
2026/08/12 15:41:30.446, 445.95 W, 2085 MHz, 53
2026/08/12 15:41:30.946, 446.36 W, 2085 MHz, 53
2026/08/12 15:41:31.446, 431.54 W, 2085 MHz, 53
2026/08/12 15:41:31.946, 433.18 W, 2085 MHz, 53
2026/08/12 15:41:32.446, 447.32 W, 2085 MHz, 54
2026/08/12 15:41:32.946, 447.39 W, 2085 MHz, 54
2026/08/12 15:41:33.447, 447.62 W, 2085 MHz, 54
2026/08/12 15:41:33.947, 447.84 W, 2085 MHz, 54
2026/08/12 15:41:34.447, 430.00 W, 2085 MHz, 54
2026/08/12 15:41:34.947, 429.77 W, 2077 MHz, 54
2026/08/12 15:41:35.447, 444.02 W, 2077 MHz, 55
2026/08/12 15:41:35.947, 444.60 W, 2077 MHz, 55
2026/08/12 15:41:36.448, 444.46 W, 2077 MHz, 55
2026/08/12 15:41:36.948, 444.56 W, 2077 MHz, 55
2026/08/12 15:41:37.448, 421.31 W, 2085 MHz, 52
2026/08/12 15:41:37.948, 423.08 W, 2077 MHz, 56
2026/08/12 15:41:38.448, 422.70 W, 2077 MHz, 56
2026/08/12 15:41:38.948, 444.56 W, 2077 MHz, 56
2026/08/12 15:41:39.448, 445.18 W, 2077 MHz, 56
2026/08/12 15:41:39.948, 445.03 W, 2077 MHz, 56
2026/08/12 15:41:40.449, 444.84 W, 2077 MHz, 57
2026/08/12 15:41:40.949, 415.39 W, 2085 MHz, 57
2026/08/12 15:41:41.449, 415.76 W, 2077 MHz, 57
2026/08/12 15:41:41.949, 445.98 W, 2077 MHz, 57
2026/08/12 15:41:42.449, 445.89 W, 2077 MHz, 57
2026/08/12 15:41:42.949, 446.07 W, 2077 MHz, 57
2026/08/12 15:41:43.449, 446.50 W, 2077 MHz, 57
2026/08/12 15:41:43.950, 419.63 W, 2085 MHz, 57
2026/08/12 15:41:44.450, 419.67 W, 2077 MHz, 58
2026/08/12 15:41:44.950, 446.93 W, 2077 MHz, 58
2026/08/12 15:41:45.450, 446.95 W, 2077 MHz, 58
2026/08/12 15:41:45.950, 426.44 W, 2077 MHz, 54
2026/08/12 15:41:46.450, 426.91 W, 2077 MHz, 58
2026/08/12 15:41:46.951, 428.59 W, 2077 MHz, 58
2026/08/12 15:41:47.451, 447.02 W, 2085 MHz, 58
2026/08/12 15:41:47.951, 447.71 W, 2077 MHz, 58
2026/08/12 15:41:48.451, 448.23 W, 2077 MHz, 58
2026/08/12 15:41:48.951, 448.21 W, 2077 MHz, 58
2026/08/12 15:41:49.452, 448.25 W, 2077 MHz, 59
2026/08/12 15:41:49.952, 448.54 W, 2077 MHz, 59
2026/08/12 15:41:50.452, 447.94 W, 2085 MHz, 58
2026/08/12 15:41:50.952, 448.00 W, 2085 MHz, 59
2026/08/12 15:41:51.452, 448.82 W, 2077 MHz, 59
2026/08/12 15:41:51.952, 449.08 W, 2085 MHz, 59
2026/08/12 15:41:52.452, 448.73 W, 2085 MHz, 59
2026/08/12 15:41:52.953, 448.97 W, 2085 MHz, 59
2026/08/12 15:41:53.453, 449.48 W, 2085 MHz, 59
2026/08/12 15:41:53.953, 448.37 W, 2085 MHz, 59
2026/08/12 15:41:54.453, 448.13 W, 2077 MHz, 59
2026/08/12 15:41:54.953, 449.36 W, 2077 MHz, 59
2026/08/12 15:41:55.453, 449.52 W, 2085 MHz, 59
2026/08/12 15:41:55.954, 449.87 W, 2077 MHz, 59
2026/08/12 15:41:56.454, 449.95 W, 2085 MHz, 60
2026/08/12 15:41:56.954, 448.41 W, 2085 MHz, 59
2026/08/12 15:41:57.454, 448.07 W, 2085 MHz, 60
2026/08/12 15:41:57.954, 449.66 W, 2085 MHz, 60
2026/08/12 15:41:58.454, 449.86 W, 2077 MHz, 60
2026/08/12 15:41:58.955, 449.86 W, 2077 MHz, 60
2026/08/12 15:41:59.455, 450.02 W, 2077 MHz, 60
2026/08/12 15:41:59.955, 447.77 W, 2085 MHz, 59
2026/08/12 15:42:00.455, 448.04 W, 2085 MHz, 60
2026/08/12 15:42:00.955, 448.34 W, 2077 MHz, 60
2026/08/12 15:42:01.455, 450.52 W, 2077 MHz, 60
2026/08/12 15:42:01.956, 450.33 W, 2077 MHz, 60
2026/08/12 15:42:02.456, 450.49 W, 2077 MHz, 60
2026/08/12 15:42:02.956, 450.57 W, 2077 MHz, 60
2026/08/12 15:42:03.456, 446.65 W, 2085 MHz, 60
2026/08/12 15:42:03.956, 446.95 W, 2077 MHz, 60
2026/08/12 15:42:04.456, 450.55 W, 2077 MHz, 60
2026/08/12 15:42:04.957, 450.93 W, 2077 MHz, 60
2026/08/12 15:42:05.457, 450.70 W, 2085 MHz, 60
2026/08/12 15:42:05.957, 450.71 W, 2085 MHz, 60
2026/08/12 15:42:06.457, 444.48 W, 2085 MHz, 60
2026/08/12 15:42:06.957, 444.31 W, 2085 MHz, 60
2026/08/12 15:42:07.457, 439.27 W, 2085 MHz, 60
2026/08/12 15:42:07.958, 437.92 W, 2085 MHz, 60
2026/08/12 15:42:08.458, 450.77 W, 2077 MHz, 60
2026/08/12 15:42:08.958, 451.00 W, 2077 MHz, 60
2026/08/12 15:42:09.458, 450.95 W, 2085 MHz, 60
2026/08/12 15:42:09.958, 427.78 W, 2077 MHz, 60
2026/08/12 15:42:10.458, 425.28 W, 2085 MHz, 60
2026/08/12 15:42:10.958, 451.02 W, 2085 MHz, 60
2026/08/12 15:42:11.458, 451.23 W, 2085 MHz, 60
2026/08/12 15:42:11.959, 451.32 W, 2085 MHz, 60
2026/08/12 15:42:12.459, 450.88 W, 2085 MHz, 60
2026/08/12 15:42:12.959, 434.97 W, 2085 MHz, 60
2026/08/12 15:42:13.459, 433.69 W, 2085 MHz, 60
2026/08/12 15:42:13.959, 451.14 W, 2085 MHz, 60
2026/08/12 15:42:14.459, 451.12 W, 2077 MHz, 60
2026/08/12 15:42:14.959, 451.11 W, 2077 MHz, 60
2026/08/12 15:42:15.460, 451.20 W, 2085 MHz, 60
2026/08/12 15:42:15.960, 446.99 W, 2077 MHz, 57
2026/08/12 15:42:16.460, 447.37 W, 2085 MHz, 60
2026/08/12 15:42:16.960, 447.60 W, 2085 MHz, 60
2026/08/12 15:42:17.460, 451.50 W, 2077 MHz, 60
2026/08/12 15:42:17.960, 451.40 W, 2085 MHz, 60
2026/08/12 15:42:18.460, 451.52 W, 2085 MHz, 60
2026/08/12 15:42:18.961, 451.51 W, 2085 MHz, 60
2026/08/12 15:42:19.461, 451.07 W, 2085 MHz, 60
2026/08/12 15:42:19.961, 450.94 W, 2085 MHz, 60
2026/08/12 15:42:20.461, 451.66 W, 2085 MHz, 60
2026/08/12 15:42:20.961, 451.77 W, 2085 MHz, 60
2026/08/12 15:42:21.461, 451.74 W, 2077 MHz, 60
2026/08/12 15:42:21.961, 451.60 W, 2085 MHz, 60
2026/08/12 15:42:22.461, 451.34 W, 2085 MHz, 60
2026/08/12 15:42:22.962, 451.24 W, 2085 MHz, 60
2026/08/12 15:42:23.462, 451.52 W, 2085 MHz, 60
2026/08/12 15:42:23.962, 451.99 W, 2085 MHz, 60
2026/08/12 15:42:24.462, 452.09 W, 2085 MHz, 60
2026/08/12 15:42:24.962, 451.83 W, 2085 MHz, 60
2026/08/12 15:42:25.462, 451.80 W, 2085 MHz, 60
2026/08/12 15:42:25.962, 451.53 W, 2085 MHz, 60
2026/08/12 15:42:26.463, 451.61 W, 2085 MHz, 60
2026/08/12 15:42:26.963, 451.72 W, 2077 MHz, 60
2026/08/12 15:42:27.463, 451.51 W, 2085 MHz, 60
2026/08/12 15:42:27.963, 451.65 W, 2085 MHz, 60
2026/08/12 15:42:28.463, 451.76 W, 2085 MHz, 60
2026/08/12 15:42:28.963, 449.75 W, 2085 MHz, 60
